dom_ID	gene	PFAM_ID	fpos	nu.num.sig	nu.sig	length	scop_class	zinc finger
A0A2R8Y422_PF00240_2	A0A2R8Y422	PF00240	2	5	FALSE	70	a+b	NA
A0PJY2_PF00096_289	A0PJY2	PF00096	289	6	FALSE	22	small proteins	zinc finger
A1X283_PF00018_155	A1X283	PF00018	155	11	TRUE	58	all beta	NA
A1X283_PF00018_222	A1X283	PF00018	222	11	TRUE	59	all beta	NA
A2RRE5_PF01846_267	A2RRE5	PF01846	267	11	TRUE	63	all alpha	NA
A6NK59_PF07525_532	A6NK59	PF07525	532	9	FALSE	41	small proteins	NA
EEHEE-rd3-0037_rockdoms_1	EEHEE-rd3-0037	rockdoms	1	11	TRUE	43	NA	NA
EHEE-rd1-0882_rockdoms_1	EHEE-rd1-0882	rockdoms	1	4	FALSE	40	NA	NA
HHH-rd1-0142_rockdoms_1	HHH-rd1-0142	rockdoms	1	10	TRUE	43	NA	NA
O00308_PF00397_440	O00308	PF00397	440	10	TRUE	54	all beta	NA
O00330_PF02817_181	O00330	PF02817	181	11	TRUE	47	all alpha	NA
O14529_PF02376_1036	O14529	PF02376	1036	12	TRUE	89	all alpha	NA
O14529_PF02376_895	O14529	PF02376	895	10	TRUE	69	all alpha	NA
O14640_PF00595_246	O14640	PF00595	246	12	TRUE	93	all beta	NA
O14640_PF00778_4	O14640	PF00778	4	12	TRUE	78	a+b	NA
O14776_PF01846_645	O14776	PF01846	645	12	TRUE	69	all alpha	NA
O14776_PF01846_727	O14776	PF01846	727	11	TRUE	50	all alpha	NA
O14776_PF01846_793	O14776	PF01846	793	11	TRUE	62	all alpha	NA
O14776_PF01846_897	O14776	PF01846	897	11	TRUE	59	all alpha	NA
O14776_PF01846_955	O14776	PF01846	955	10	TRUE	56	all alpha	NA
O14813_PF00046_92	O14813	PF00046	92	11	TRUE	56	all alpha	NA
O14901_PF00096_395	O14901	PF00096	395	5	FALSE	24	small proteins	zinc finger
O14936_PF00595_488	O14936	PF00595	488	12	TRUE	82	all beta	NA
O15151_PF00641_299	O15151	PF00641	299	6	FALSE	31	small proteins	zinc finger
O15259_PF00018_152	O15259	PF00018	152	9	FALSE	60	all beta	NA
O15265_PF08313_334	O15265	PF08313	334	11	TRUE	61	small proteins	zinc finger
O15266_PF00046_119	O15266	PF00046	119	11	TRUE	56	all alpha	NA
O15344_PF00643_172	O15344	PF00643	172	8	FALSE	43	small proteins	zinc finger
O15350_PF07647_487	O15350	PF07647	487	12	TRUE	63	all alpha	NA
O15405_PF00505_256	O15405	PF00505	256	11	TRUE	68	all alpha	NA
O15541_PF00642_198	O15541	PF00642	198	5	FALSE	25	small proteins	zinc finger
O43167_PF00096_351	O43167	PF00096	351	5	FALSE	22	small proteins	zinc finger
O43167_PF00096_435	O43167	PF00096	435	4	FALSE	22	small proteins	zinc finger
O43186_PF00046_41	O43186	PF00046	41	11	TRUE	56	all alpha	NA
O43295_PF00018_745	O43295	PF00018	745	11	TRUE	58	all beta	NA
O43353_PF00619_438	O43353	PF00619	438	10	TRUE	81	all alpha	NA
O43374_PF00779_682	O43374	PF00779	682	7	FALSE	28	small proteins	zinc finger
O43395_PF01480_10	O43395	PF01480	10	12	TRUE	68	all alpha	NA
O43586_PF00018_361	O43586	PF00018	361	12	TRUE	56	all beta	NA
O60281_PF00096_808	O60281	PF00096	808	8	FALSE	24	small proteins	zinc finger
O60293_PF10650_1186	O60293	PF10650	1186	4	FALSE	19	small proteins	zinc finger
O60341_PF04433_186	O60341	PF04433	186	12	TRUE	79	all alpha	NA
O60481_PF00096_389	O60481	PF00096	389	4	FALSE	22	small proteins	zinc finger
O60885_PF17035_607	O60885	PF17035	607	12	TRUE	67	all alpha	NA
O75112_PF00595_1	O75112	PF00595	1	12	TRUE	83	all beta	NA
O75360_PF00046_71	O75360	PF00046	71	11	TRUE	56	all alpha	NA
O75366_PF02209_785	O75366	PF02209	785	9	FALSE	35	all alpha	NA
O75369_PF00630_1423	O75369	PF00630	1423	12	TRUE	90	all beta	NA
O75369_PF00630_2109	O75369	PF00630	2109	10	TRUE	78	all beta	NA
O75369_PF00630_2289	O75369	PF00630	2289	11	TRUE	90	all beta	NA
O75382_PF00643_111	O75382	PF00643	111	9	FALSE	44	small proteins	zinc finger
O75400_PF00397_176	O75400	PF00397	176	9	FALSE	51	all beta	NA
O75400_PF01846_395	O75400	PF01846	395	11	TRUE	50	all alpha	NA
O75400_PF01846_459	O75400	PF01846	459	11	TRUE	54	all alpha	NA
O75400_PF01846_670	O75400	PF01846	670	11	TRUE	55	all alpha	NA
O75400_PF01846_745	O75400	PF01846	745	10	TRUE	60	all alpha	NA
O75478_PF04433_375	O75478	PF04433	375	11	TRUE	66	all alpha	NA
O75534_PF00313_184	O75534	PF00313	184	11	TRUE	71	all beta	NA
O75534_PF00313_23	O75534	PF00313	23	10	TRUE	69	all beta	NA
O75534_PF00313_347	O75534	PF00313	347	12	TRUE	72	all beta	NA
O75554_PF06220_8	O75554	PF06220	8	7	FALSE	36	small proteins	zinc finger
O75808_PF00641_4	O75808	PF00641	4	3	FALSE	27	small proteins	zinc finger
O75953_PF00226_4	O75953	PF00226	4	10	TRUE	62	all alpha	NA
O75970_PF00595_1003	O75970	PF00595	1003	11	TRUE	88	all beta	NA
O75970_PF00595_1860	O75970	PF00595	1860	11	TRUE	85	all beta	NA
O75970_PF00595_372	O75970	PF00595	372	11	TRUE	92	all beta	NA
O75970_PF00595_693	O75970	PF00595	693	12	TRUE	96	all beta	NA
O94830_PF00536_389	O94830	PF00536	389	9	FALSE	59	all alpha	NA
O94885_PF00536_630	O94885	PF00536	630	11	TRUE	71	all alpha	NA
O94929_PF00412_149	O94929	PF00412	149	10	TRUE	58	small proteins	zinc finger
O94929_PF00412_210	O94929	PF00412	210	10	TRUE	57	small proteins	zinc finger
O94993_PF00505_338	O94993	PF00505	338	11	TRUE	67	all alpha	NA
O95076_PF00046_155	O95076	PF00046	155	11	TRUE	56	all alpha	NA
O95155_PF04564_1229	O95155	PF04564	1229	11	TRUE	71	small proteins	zinc finger
O95218_PF00641_11	O95218	PF00641	11	8	FALSE	25	small proteins	zinc finger
O95218_PF00641_9	O95218	PF00641	9	8	FALSE	27	small proteins	zinc finger
O95267_PF00130_539	O95267	PF00130	539	9	FALSE	55	small proteins	NA
O95343_PF00046_212	O95343	PF00046	212	11	TRUE	51	all alpha	NA
O95409_PF18366_250	O95409	PF18366	250	11	TRUE	46	small proteins	zinc finger
O95475_PF00046_134	O95475	PF00046	134	11	TRUE	51	all alpha	NA
O95714_PF11515_2555	O95714	PF11515	2555	11	TRUE	76	a+b	NA
O95718_PF00105_100	O95718	PF00105	100	11	TRUE	77	small proteins	zinc finger
O95789_PF06467_427	O95789	PF06467	427	7	FALSE	40	small proteins	zinc finger
O95789_PF06467_469	O95789	PF06467	469	4	FALSE	36	small proteins	zinc finger
O95793_PF00035_183	O95793	PF00035	183	11	TRUE	67	a+b	NA
O95817_PF00397_11	O95817	PF00397	11	11	TRUE	49	all beta	NA
O95835_PF00627_98	O95835	PF00627	98	12	TRUE	44	all alpha	NA
P00519_PF00018_64	P00519	PF00018	64	12	TRUE	57	all beta	NA
P01053_PF00280_22	P01053	PF00280	22	12	TRUE	63	a+b	NA
P02417_PF01281_1	P02417	PF01281	1	11	TRUE	47	a+b	NA
P02549_PF00018_979	P02549	PF00018	979	10	TRUE	58	all beta	NA
P02585_PF13499_1	P02585	PF13499	1	11	TRUE	83	all alpha	NA
P02633_PF01023_1	P02633	PF01023	1	10	TRUE	79	all alpha	NA
P02640_PF02209_762	P02640	PF02209	762	12	TRUE	65	all alpha	NA
P02640_PF02209_792	P02640	PF02209	792	11	TRUE	35	all alpha	NA
P03034_PF01381_4	P03034	PF01381	4	12	TRUE	76	all alpha	NA
P04049_PF02196_58	P04049	PF02196	58	11	TRUE	71	a+b	NA
P04150_PF00105_419	P04150	PF00105	419	10	TRUE	76	small proteins	zinc finger
P05813_PF00030_31	P05813	PF00030	31	11	TRUE	89	all beta	NA
P06239_PF00018_63	P06239	PF00018	63	11	TRUE	58	all beta	NA
P06241_PF00018_83	P06241	PF00018	83	12	TRUE	61	all beta	NA
P07315_PF00030_4	P07315	PF00030	4	9	FALSE	76	all beta	NA
P07315_PF00030_91	P07315	PF00030	91	11	TRUE	80	all beta	NA
P07316_PF00030_1	P07316	PF00030	1	7	FALSE	84	all beta	NA
P07316_PF00030_87	P07316	PF00030	87	12	TRUE	87	all beta	NA
P07320_PF00030_90	P07320	PF00030	90	12	TRUE	81	all beta	NA
P07751_PF00018_968	P07751	PF00018	968	12	TRUE	59	all beta	NA
P07814_PF00458_827	P07814	PF00458	827	11	TRUE	52	all alpha	NA
P08151_PF00096_363	P08151	PF00096	363	7	FALSE	25	small proteins	zinc finger
P08235_PF00105_600	P08235	PF00105	600	10	TRUE	76	small proteins	zinc finger
P08631_PF00018_80	P08631	PF00018	80	12	TRUE	58	all beta	NA
P09086_PF00157_200	P09086	PF00157	200	12	TRUE	70	all alpha	NA
P09327_PF02209_793	P09327	PF02209	793	11	TRUE	35	all alpha	NA
P0A9X9_PF00313_3	P0A9X9	PF00313	3	12	TRUE	68	all beta	NA
P0CI26_PF00643_87	P0CI26	PF00643	87	10	TRUE	47	small proteins	zinc finger
P10070_PF00096_565	P10070	PF00096	565	9	FALSE	25	small proteins	zinc finger
P10071_PF00096_608	P10071	PF00096	608	7	FALSE	25	small proteins	zinc finger
P10242_PF00249_143	P10242	PF00249	143	11	TRUE	62	all alpha	NA
P10242_PF00249_40	P10242	PF00249	40	11	TRUE	47	all alpha	NA
P10275_PF00105_557	P10275	PF00105	557	10	TRUE	76	small proteins	zinc finger
P10398_PF02196_21	P10398	PF02196	21	12	TRUE	69	a+b	NA
P10589_PF00105_83	P10589	PF00105	83	11	TRUE	77	small proteins	zinc finger
P10826_PF00105_85	P10826	PF00105	85	11	TRUE	77	small proteins	zinc finger
P11182_PF02817_171	P11182	PF02817	171	11	TRUE	44	all alpha	NA
P11308_PF02198_117	P11308	PF02198	117	12	TRUE	81	all alpha	NA
P11844_PF00030_85	P11844	PF00030	85	12	TRUE	89	all beta	NA
P11961_PF02817_126	P11961	PF02817	126	11	TRUE	48	all alpha	NA
P12081_PF00458_8	P12081	PF00458	8	11	TRUE	38	all alpha	NA
P12931_PF00018_87	P12931	PF00018	87	10	TRUE	57	all beta	NA
P12956_PF02037_558	P12956	PF02037	558	11	TRUE	52	all alpha	NA
P13796_PF13499_13	P13796	PF13499	13	12	TRUE	84	all alpha	NA
P13984_PF02270_177	P13984	PF02270	177	11	TRUE	64	all alpha	NA
P14598_PF00018_157	P14598	PF00018	157	12	TRUE	66	all beta	NA
P14653_PF00046_208	P14653	PF00046	208	11	TRUE	53	all alpha	NA
P14859_PF00157_285	P14859	PF00157	285	11	TRUE	70	all alpha	NA
P14921_PF02198_55	P14921	PF02198	55	12	TRUE	81	all alpha	NA
P15056_PF02196_153	P15056	PF02196	153	11	TRUE	76	a+b	NA
P15498_PF00018_592	P15498	PF00018	592	11	TRUE	67	all beta	NA
P15498_PF00018_782	P15498	PF00018	782	11	TRUE	61	all beta	NA
P16157_PF00531_1405	P16157	PF00531	1405	11	TRUE	80	all alpha	NA
P16885_PF00018_772	P16885	PF00018	772	11	TRUE	56	all beta	NA
P16989_PF00313_84	P16989	PF00313	84	11	TRUE	86	all beta	NA
P17480_PF00505_408	P17480	PF00505	408	11	TRUE	62	all alpha	NA
P19793_PF00105_132	P19793	PF00105	132	6	FALSE	77	small proteins	zinc finger
P19873_PF00280_1	P19873	PF00280	1	12	TRUE	68	a+b	NA
P19878_PF00018_241	P19878	PF00018	241	12	TRUE	60	all beta	NA
P19878_PF00018_456	P19878	PF00018	456	8	FALSE	59	all beta	NA
P19878_PF00564_353	P19878	PF00564	353	11	TRUE	75	a+b	NA
P20264_PF00046_408	P20264	PF00046	408	12	TRUE	56	all alpha	NA
P20264_PF00157_320	P20264	PF00157	320	12	TRUE	69	all alpha	NA
P20265_PF00046_356	P20265	PF00046	356	12	TRUE	56	all alpha	NA
P20265_PF00157_262	P20265	PF00157	262	11	TRUE	77	all alpha	NA
P20929_PF14604_6609	P20929	PF14604	6609	12	TRUE	61	all beta	NA
P20936_PF00018_281	P20936	PF00018	281	11	TRUE	61	all beta	NA
P22492_PF00538_44	P22492	PF00538	44	11	TRUE	69	all alpha	NA
P22681_PF00627_854	P22681	PF00627	854	11	TRUE	46	all alpha	NA
P22914_PF00030_96	P22914	PF00030	96	8	FALSE	81	all beta	NA
P23759_PF00046_219	P23759	PF00046	219	12	TRUE	56	all alpha	NA
P25490_PF00096_384	P25490	PF00096	384	9	FALSE	24	small proteins	zinc finger
P25685_PF00226_4	P25685	PF00226	4	10	TRUE	62	all alpha	NA
P26367_PF00046_213	P26367	PF00046	213	11	TRUE	55	all alpha	NA
P26651_PF00642_105	P26651	PF00642	105	7	FALSE	25	small proteins	zinc finger
P28069_PF00157_130	P28069	PF00157	130	11	TRUE	69	all alpha	NA
P28360_PF00046_174	P28360	PF00046	174	11	TRUE	56	all alpha	NA
P32081_PF00313_1	P32081	PF00313	1	11	TRUE	67	all beta	NA
P32243_PF00046_40	P32243	PF00046	40	12	TRUE	56	all alpha	NA
P35251_PF00533_405	P35251	PF00533	405	11	TRUE	75	a/b	NA
P35548_PF00046_144	P35548	PF00046	144	12	TRUE	56	all alpha	NA
P35711_PF00505_557	P35711	PF00505	557	12	TRUE	68	all alpha	NA
P35712_PF00505_622	P35712	PF00505	622	12	TRUE	68	all alpha	NA
P35713_PF00505_87	P35713	PF00505	87	11	TRUE	67	all alpha	NA
P35716_PF00505_50	P35716	PF00505	50	11	TRUE	68	all alpha	NA
P36075_PF02845_9	P36075	PF02845	9	12	TRUE	39	all alpha	NA
P37275_PF00096_933	P37275	PF00096	933	5	FALSE	22	small proteins	zinc finger
P39880_PF00046_1246	P39880	PF00046	1246	10	TRUE	56	all alpha	NA
P39880_PF02376_548	P39880	PF02376	548	11	TRUE	82	all alpha	NA
P39880_PF02376_941	P39880	PF02376	941	11	TRUE	68	all alpha	NA
P39940_PF00397_324	P39940	PF00397	324	11	TRUE	43	all beta	NA
P40040_PF02037_1	P40040	PF02037	1	11	TRUE	49	all alpha	NA
P41002_PF00646_28	P41002	PF00646	28	12	TRUE	53	all alpha	NA
P41016_PF00313_1	P41016	PF00313	1	10	TRUE	66	all beta	NA
P41225_PF00505_140	P41225	PF00505	140	11	TRUE	68	all alpha	NA
P41229_PF00628_319	P41229	PF00628	319	8	FALSE	55	small proteins	zinc finger
P42766_PF00831_9	P42766	PF00831	9	7	FALSE	55	all alpha	NA
P43320_PF00030_106	P43320	PF00030	106	11	TRUE	84	all beta	NA
P43354_PF00105_260	P43354	PF00105	260	10	TRUE	77	small proteins	zinc finger
P45973_PF00385_21	P45973	PF00385	21	11	TRUE	49	a+b	NA
P46934_PF00397_836	P46934	PF00397	836	11	TRUE	46	all beta	NA
P46937_PF00397_162	P46937	PF00397	162	11	TRUE	50	all beta	NA
P46937_PF00397_165	P46937	PF00397	165	11	TRUE	46	all beta	NA
P46937_PF00397_226	P46937	PF00397	226	11	TRUE	47	all beta	NA
P47974_PF00642_193	P47974	PF00642	193	2	FALSE	24	small proteins	zinc finger
P48431_PF00505_42	P48431	PF00505	42	11	TRUE	68	all alpha	NA
P49335_PF00046_280	P49335	PF00046	280	11	TRUE	56	all alpha	NA
P49792_PF00641_1414	P49792	PF00641	1414	3	FALSE	30	small proteins	zinc finger
P49792_PF00641_1478	P49792	PF00641	1478	5	FALSE	31	small proteins	zinc finger
P50539_PF00010_70	P50539	PF00010	70	10	TRUE	51	all alpha	NA
P51451_PF00018_59	P51451	PF00018	59	11	TRUE	59	all beta	NA
P51508_PF00096_331	P51508	PF00096	331	6	FALSE	22	small proteins	zinc finger
P51508_PF00096_555	P51508	PF00096	555	5	FALSE	22	small proteins	zinc finger
P51532_PF07533_612	P51532	PF07533	612	9	FALSE	43	a+b	NA
P51608_PF01429_91	P51608	PF01429	91	11	TRUE	72	a+b	NA
P51687_PF00173_87	P51687	PF00173	87	11	TRUE	74	a+b	NA
P53673_PF00030_14	P53673	PF00030	14	12	TRUE	83	all beta	NA
P53674_PF00030_57	P53674	PF00030	57	12	TRUE	87	all beta	NA
P53804_PF13639_1957	P53804	PF13639	1957	7	FALSE	41	small proteins	zinc finger
P54277_PF00505_572	P54277	PF00505	572	10	TRUE	66	all alpha	NA
P54727_PF00627_186	P54727	PF00627	186	11	TRUE	45	all alpha	NA
P54727_PF00627_361	P54727	PF00627	361	11	TRUE	45	all alpha	NA
P54821_PF00046_96	P54821	PF00046	96	11	TRUE	56	all alpha	NA
P55072_PF02359_26	P55072	PF02359	26	12	TRUE	81	a+b	NA
P55265_PF02295_136	P55265	PF02295	136	11	TRUE	65	a+b	NA
P55265_PF02295_296	P55265	PF02295	296	11	TRUE	63	a+b	NA
P55895_PF13341_415	P55895	PF13341	415	12	TRUE	77	small proteins	zinc finger
P56915_PF00046_162	P56915	PF00046	162	11	TRUE	56	all alpha	NA
P57071_PF00096_1085	P57071	PF00096	1085	7	FALSE	22	small proteins	zinc finger
P57073_PF00505_103	P57073	PF00505	103	12	TRUE	68	all alpha	NA
P60002_PF05129_3	P60002	PF05129	3	11	TRUE	77	small proteins	zinc finger
P60321_PF05741_63	P60321	PF05741	63	10	TRUE	53	small proteins	zinc finger
P61024_PF01111_1	P61024	PF01111	1	12	TRUE	79	a+b	NA
P61086_PF00627_158	P61086	PF00627	158	11	TRUE	43	all alpha	NA
P61960_PF03671_4	P61960	PF03671	4	11	TRUE	74	a+b	NA
P61978_PF00013_385	P61978	PF00013	385	10	TRUE	74	a+b	NA
P62993_PF00018_159	P62993	PF00018	159	12	TRUE	56	all beta	NA
P67809_PF00313_52	P67809	PF00313	52	11	TRUE	91	all beta	NA
P78352_PF00595_157	P78352	PF00595	157	12	TRUE	90	all beta	NA
P78352_PF00595_309	P78352	PF00595	309	12	TRUE	88	all beta	NA
P78352_PF00595_60	P78352	PF00595	60	9	FALSE	94	all beta	NA
P78424_PF00046_609	P78424	PF00046	609	11	TRUE	55	all alpha	NA
P78545_PF02198_50	P78545	PF02198	50	11	TRUE	82	all alpha	NA
P78563_PF00035_80	P78563	PF00035	80	12	TRUE	61	a+b	NA
P82979_PF02037_3	P82979	PF02037	3	11	TRUE	45	all alpha	NA
P98175_PF00641_214	P98175	PF00641	214	5	FALSE	28	small proteins	zinc finger
P98175_PF00641_216	P98175	PF00641	216	7	FALSE	26	small proteins	zinc finger
Q00839_PF02037_6	Q00839	PF02037	6	11	TRUE	41	all alpha	NA
Q00987_PF00641_299	Q00987	PF00641	299	4	FALSE	29	small proteins	zinc finger
Q01484_PF00531_3571	Q01484	PF00531	3571	11	TRUE	80	all alpha	NA
Q01543_PF02198_116	Q01543	PF02198	116	11	TRUE	82	all alpha	NA
Q01826_PF02376_371	Q01826	PF02376	371	11	TRUE	75	all alpha	NA
Q01826_PF02376_494	Q01826	PF02376	494	12	TRUE	74	all alpha	NA
Q01826_PF16557_178	Q01826	PF16557	178	11	TRUE	70	all alpha	NA
Q01851_PF00157_266	Q01851	PF00157	266	11	TRUE	82	all alpha	NA
Q01860_PF00157_134	Q01860	PF00157	134	11	TRUE	79	all alpha	NA
Q03052_PF00157_247	Q03052	PF00157	247	11	TRUE	78	all alpha	NA
Q03164_PF02008_1148	Q03164	PF02008	1148	8	FALSE	47	small proteins	zinc finger
Q03181_PF00105_71	Q03181	PF00105	71	11	TRUE	75	small proteins	zinc finger
Q05066_PF00505_61	Q05066	PF00505	61	11	TRUE	68	all alpha	NA
Q05086_PF16558_30	Q05086	PF16558	30	11	TRUE	57	small proteins	zinc finger
Q05195_PF00010_58	Q05195	PF00010	58	9	FALSE	52	all alpha	NA
Q05655_PF00130_228	Q05655	PF00130	228	9	FALSE	55	small proteins	NA
Q06187_PF00018_215	Q06187	PF00018	215	11	TRUE	59	all beta	NA
Q06546_PF02198_172	Q06546	PF02198	172	12	TRUE	79	all alpha	NA
Q06787_PF00013_217	Q06787	PF00013	217	11	TRUE	66	a+b	NA
Q06945_PF00505_60	Q06945	PF00505	60	11	TRUE	68	all alpha	NA
Q08881_PF00018_172	Q08881	PF00018	172	12	TRUE	59	all beta	NA
Q09472_PF02172_567	Q09472	PF02172	567	12	TRUE	84	all alpha	NA
Q12824_PF04855_181	Q12824	PF04855	181	11	TRUE	68	a+b	NA
Q12830_PF00628_2862	Q12830	PF00628	2862	11	TRUE	57	small proteins	zinc finger
Q12837_PF00157_256	Q12837	PF00157	256	11	TRUE	72	all alpha	NA
Q12873_PF00628_374	Q12873	PF00628	374	7	FALSE	53	small proteins	zinc finger
Q12899_PF00643_97	Q12899	PF00643	97	10	TRUE	44	small proteins	zinc finger
Q12929_PF00018_533	Q12929	PF00018	533	12	TRUE	58	all beta	NA
Q12929_PF18016_720	Q12929	PF18016	720	11	TRUE	59	all alpha	NA
Q12955_PF00531_4094	Q12955	PF00531	4094	11	TRUE	78	all alpha	NA
Q12965_PF00018_1051	Q12965	PF00018	1051	11	TRUE	58	all beta	NA
Q13009_PF00595_843	Q13009	PF00595	843	11	TRUE	84	all beta	NA
Q13148_PF18694_5	Q13148	PF18694	5	11	TRUE	72	a+b	NA
Q13158_PF01335_1	Q13158	PF01335	1	12	TRUE	86	all alpha	NA
Q13163_PF00564_15	Q13163	PF00564	15	11	TRUE	95	a+b	NA
Q13263_PF00628_620	Q13263	PF00628	620	7	FALSE	52	small proteins	zinc finger
Q13368_PF00595_132	Q13368	PF00595	132	12	TRUE	89	all beta	NA
Q13424_PF00595_79	Q13424	PF00595	79	12	TRUE	93	all beta	NA
Q13472_PF06839_812	Q13472	PF06839	812	8	FALSE	40	small proteins	zinc finger
Q13472_PF06839_896	Q13472	PF06839	896	10	TRUE	43	small proteins	zinc finger
Q13501_PF00569_120	Q13501	PF00569	120	12	TRUE	52	small proteins	zinc finger
Q13501_PF16577_389	Q13501	PF16577	389	11	TRUE	52	all alpha	NA
Q13526_PF00397_1	Q13526	PF00397	1	11	TRUE	40	all beta	NA
Q13642_PF00412_160	Q13642	PF00412	160	8	FALSE	56	small proteins	zinc finger
Q13642_PF00412_99	Q13642	PF00412	99	7	FALSE	60	small proteins	zinc finger
Q13813_PF13499_2327	Q13813	PF13499	2327	12	TRUE	73	all alpha	NA
Q14151_PF02037_27	Q14151	PF02037	27	10	TRUE	44	all alpha	NA
Q14160_PF00595_857	Q14160	PF00595	857	11	TRUE	97	all beta	NA
Q14192_PF00412_38	Q14192	PF00412	38	9	FALSE	60	small proteins	zinc finger
Q14202_PF06467_350	Q14202	PF06467	350	11	TRUE	45	small proteins	zinc finger
Q14202_PF06467_405	Q14202	PF06467	405	11	TRUE	40	small proteins	zinc finger
Q14202_PF06467_589	Q14202	PF06467	589	9	FALSE	39	small proteins	zinc finger
Q14202_PF06467_629	Q14202	PF06467	629	2	FALSE	40	small proteins	zinc finger
Q14839_PF00385_623	Q14839	PF00385	623	10	TRUE	53	a+b	NA
Q14839_PF00628_365	Q14839	PF00628	365	6	FALSE	53	small proteins	zinc finger
Q14839_PF00628_444	Q14839	PF00628	444	9	FALSE	53	small proteins	zinc finger
Q14863_PF00157_139	Q14863	PF00157	139	11	TRUE	90	all alpha	NA
Q14995_PF00105_103	Q14995	PF00105	103	11	TRUE	69	small proteins	zinc finger
Q14CM0_PF00595_75	Q14CM0	PF00595	75	12	TRUE	80	all beta	NA
Q14CS0_PF00789_256	Q14CS0	PF00789	256	9	FALSE	74	a+b	NA
Q15319_PF00157_185	Q15319	PF00157	185	11	TRUE	72	all alpha	NA
Q15365_PF00013_278	Q15365	PF00013	278	11	TRUE	73	a+b	NA
Q15424_PF02037_26	Q15424	PF02037	26	11	TRUE	55	all alpha	NA
Q15475_PF00046_131	Q15475	PF00046	131	12	TRUE	50	all alpha	NA
Q15554_PF00249_489	Q15554	PF00249	489	11	TRUE	54	all alpha	NA
Q15699_PF00046_134	Q15699	PF00046	134	12	TRUE	56	all alpha	NA
Q15811_PF00018_1003	Q15811	PF00018	1003	11	TRUE	57	all beta	NA
Q15811_PF00018_1156	Q15811	PF00018	1156	12	TRUE	58	all beta	NA
Q15811_PF00018_909	Q15811	PF00018	909	10	TRUE	63	all beta	NA
Q15811_PF07653_1003	Q15811	PF07653	1003	11	TRUE	57	all beta	NA
Q15911_PF00046_2147	Q15911	PF00046	2147	12	TRUE	56	all alpha	NA
Q15911_PF00046_2244	Q15911	PF00046	2244	12	TRUE	56	all alpha	NA
Q15911_PF00046_2643	Q15911	PF00046	2643	11	TRUE	56	all alpha	NA
Q15942_PF00412_504	Q15942	PF00412	504	10	TRUE	67	small proteins	zinc finger
Q16512_PF02185_129	Q16512	PF02185	129	11	TRUE	61	all alpha	NA
Q1KMD3_PF02037_1	Q1KMD3	PF02037	1	11	TRUE	40	all alpha	NA
Q2Q1W2_PF00643_274	Q2Q1W2	PF00643	274	8	FALSE	43	small proteins	zinc finger
Q3SY89_PF08711_3	Q3SY89	PF08711	3	11	TRUE	78	all alpha	NA
Q5F1R6_PF12171_315	Q5F1R6	PF12171	315	10	TRUE	25	small proteins	zinc finger
Q5HYK7_PF00018_664	Q5HYK7	PF00018	664	12	TRUE	56	all beta	NA
Q5K651_PF07647_4	Q5K651	PF07647	4	10	TRUE	73	all alpha	NA
Q5SQQ9_PF00046_102	Q5SQQ9	PF00046	102	11	TRUE	56	all alpha	NA
Q5TCQ9_PF00397_287	Q5TCQ9	PF00397	287	10	TRUE	43	all beta	NA
Q5U5Q3_PF00013_325	Q5U5Q3	PF00013	325	11	TRUE	67	a+b	NA
Q5VTD9_PF00096_221	Q5VTD9	PF00096	221	4	FALSE	22	small proteins	zinc finger
Q5VVJ2_PF00249_120	Q5VVJ2	PF00249	120	11	TRUE	43	all alpha	NA
Q5VWI1_PF01846_448	Q5VWI1	PF01846	448	11	TRUE	57	all alpha	NA
Q61234_PF00595_80	Q61234	PF00595	80	12	TRUE	85	all beta	NA
Q68CP9_PF02257_523	Q68CP9	PF02257	523	11	TRUE	80	a+b	NA
Q68DC2_PF00536_774	Q68DC2	PF00536	774	11	TRUE	63	all alpha	NA
Q6NWY9_PF01846_274	Q6NWY9	PF01846	274	11	TRUE	59	all alpha	NA
Q6P0N0_PF00249_878	Q6P0N0	PF00249	878	10	TRUE	49	all alpha	NA
Q6XZF7_PF00018_146	Q6XZF7	PF00018	146	10	TRUE	61	all beta	NA
Q6XZF7_PF00018_1516	Q6XZF7	PF00018	1516	11	TRUE	59	all beta	NA
Q6XZF7_PF00018_242	Q6XZF7	PF00018	242	11	TRUE	63	all beta	NA
Q6XZF7_PF14604_147	Q6XZF7	PF14604	147	10	TRUE	59	all beta	NA
Q6ZN01_PF02037_170	Q6ZN01	PF02037	170	9	FALSE	35	all alpha	NA
Q6ZSG1_PF13639_293	Q6ZSG1	PF13639	293	11	TRUE	43	small proteins	zinc finger
Q6ZVD7_PF10264_112	Q6ZVD7	PF10264	112	11	TRUE	78	all alpha	NA
Q6ZWJ1_PF00397_493	Q6ZWJ1	PF00397	493	7	FALSE	46	all beta	NA
Q7L590_PF09329_383	Q7L590	PF09329	383	9	FALSE	45	small proteins	zinc finger
Q7Z3T8_PF01363_744	Q7Z3T8	PF01363	744	7	FALSE	62	small proteins	zinc finger
Q7Z4I7_PF00412_13	Q7Z4I7	PF00412	13	8	FALSE	59	small proteins	zinc finger
Q7Z5Q1_PF16366_513	Q7Z5Q1	PF16366	513	11	TRUE	63	small proteins	zinc finger
Q7Z6B7_PF00018_744	Q7Z6B7	PF00018	744	11	TRUE	58	all beta	NA
Q7Z6G8_PF00536_812	Q7Z6G8	PF00536	812	11	TRUE	62	all alpha	NA
Q7Z6W7_PF00226_3	Q7Z6W7	PF00226	3	11	TRUE	64	all alpha	NA
Q7Z6Z7_PF00627_1316	Q7Z6Z7	PF00627	1316	11	TRUE	41	all alpha	NA
Q86U86_PF00505_1383	Q86U86	PF00505	1383	11	TRUE	62	all alpha	NA
Q86UL8_PF00397_296	Q86UL8	PF00397	296	9	FALSE	45	all beta	NA
Q86UL8_PF00595_1144	Q86UL8	PF00595	1144	12	TRUE	84	all beta	NA
Q86UL8_PF00595_601	Q86UL8	PF00595	601	9	FALSE	82	all beta	NA
Q86UL8_PF00595_774	Q86UL8	PF00595	774	12	TRUE	88	all beta	NA
Q86UP3_PF00046_2086	Q86UP3	PF00046	2086	10	TRUE	56	all alpha	NA
Q86UP3_PF00046_2183	Q86UP3	PF00046	2183	12	TRUE	56	all alpha	NA
Q86UP3_PF00046_2562	Q86UP3	PF00046	2562	11	TRUE	56	all alpha	NA
Q86VP1_PF18112_729	Q86VP1	PF18112	729	6	FALSE	26	small proteins	zinc finger
Q86WN1_PF14604_467	Q86WN1	PF14604	467	10	TRUE	62	all beta	NA
Q86XK2_PF02207_849	Q86XK2	PF02207	849	10	TRUE	46	small proteins	zinc finger
Q86XN8_PF00013_273	Q86XN8	PF00013	273	11	TRUE	68	a+b	NA
Q86YT6_PF18346_247	Q86YT6	PF18346	247	11	TRUE	65	a+b	NA
Q8IV48_PF02037_65	Q8IV48	PF02037	65	12	TRUE	50	all alpha	NA
Q8IWR0_PF00642_906	Q8IWR0	PF00642	906	8	FALSE	21	small proteins	zinc finger
Q8IWT3_PF01485_2234	Q8IWT3	PF01485	2234	6	FALSE	42	small proteins	zinc finger
Q8IWT3_PF11515_367	Q8IWT3	PF11515	367	9	FALSE	73	a+b	NA
Q8IX12_PF02037_625	Q8IX12	PF02037	625	11	TRUE	50	all alpha	NA
Q8IYH5_PF00249_653	Q8IYH5	PF00249	653	11	TRUE	64	all alpha	NA
Q8IZQ8_PF02037_363	Q8IZQ8	PF02037	363	9	FALSE	44	all alpha	NA
Q8IZT6_PF00612_1877	Q8IZT6	PF00612	1877	9	FALSE	19	small proteins	NA
Q8N157_PF00018_1053	Q8N157	PF00018	1053	11	TRUE	57	all beta	NA
Q8N1P7_PF00030_1358	Q8N1P7	PF00030	1358	11	TRUE	78	all beta	NA
Q8N1W1_PF00130_651	Q8N1W1	PF00130	651	7	FALSE	50	small proteins	NA
Q8N3X1_PF00397_200	Q8N3X1	PF00397	200	10	TRUE	62	all beta	NA
Q8N3X1_PF00397_593	Q8N3X1	PF00397	593	9	FALSE	44	all beta	NA
Q8N5C8_PF02845_12	Q8N5C8	PF02845	12	11	TRUE	39	all alpha	NA
Q8N8B7_PF08711_30	Q8N8B7	PF08711	30	9	FALSE	48	all alpha	NA
Q8NB78_PF07496_139	Q8NB78	PF07496	139	10	TRUE	52	small proteins	zinc finger
Q8ND56_PF12701_7	Q8ND56	PF12701	7	11	TRUE	73	all beta	NA
Q8NEA6_PF00096_414	Q8NEA6	PF00096	414	5	FALSE	23	small proteins	zinc finger
Q8NEA6_PF00096_473	Q8NEA6	PF00096	473	9	FALSE	24	small proteins	zinc finger
Q8NEZ5_PF00646_25	Q8NEZ5	PF00646	25	9	FALSE	40	all alpha	NA
Q8NFW5_PF00046_73	Q8NFW5	PF00046	73	12	TRUE	56	all alpha	NA
Q8NHM5_PF16866_656	Q8NHM5	PF16866	656	8	FALSE	67	small proteins	zinc finger
Q8TAQ2_PF00249_599	Q8TAQ2	PF00249	599	11	TRUE	43	all alpha	NA
Q8TAT5_PF00641_316	Q8TAT5	PF00641	316	5	FALSE	30	small proteins	zinc finger
Q8TDD2_PF00096_325	Q8TDD2	PF00096	325	9	FALSE	24	small proteins	zinc finger
Q8TDI0_PF00628_338	Q8TDI0	PF00628	338	4	FALSE	53	small proteins	zinc finger
Q8TDI0_PF00628_411	Q8TDI0	PF00628	411	9	FALSE	53	small proteins	zinc finger
Q8TDI0_PF08073_132	Q8TDI0	PF08073	132	11	TRUE	69	all alpha	NA
Q8TEW0_PF00595_457	Q8TEW0	PF00595	457	11	TRUE	93	all beta	NA
Q8TEW8_PF00595_380	Q8TEW8	PF00595	380	12	TRUE	89	all beta	NA
Q8WU90_PF18044_104	Q8WU90	PF18044	104	7	FALSE	21	small proteins	zinc finger
Q8WWH4_PF07647_273	Q8WWH4	PF07647	273	11	TRUE	62	all alpha	NA
Q8WXI2_PF00536_9	Q8WXI2	PF00536	9	11	TRUE	63	all alpha	NA
Q8WXI9_PF00320_415	Q8WXI9	PF00320	415	7	FALSE	41	small proteins	zinc finger
Q92734_PF00564_6	Q92734	PF00564	6	12	TRUE	87	a+b	NA
Q92796_PF00595_222	Q92796	PF00595	222	12	TRUE	91	all beta	NA
Q92796_PF00595_383	Q92796	PF00595	383	11	TRUE	85	all beta	NA
Q92922_PF00249_620	Q92922	PF00249	620	11	TRUE	44	all alpha	NA
Q92945_PF00013_142	Q92945	PF00013	142	11	TRUE	73	a+b	NA
Q92997_PF00778_2	Q92997	PF00778	2	12	TRUE	80	a+b	NA
Q969G3_PF00505_67	Q969G3	PF00505	67	11	TRUE	67	all alpha	NA
Q969V6_PF02037_341	Q969V6	PF02037	341	10	TRUE	46	all alpha	NA
Q96AE4_PF00013_184	Q96AE4	PF00013	184	11	TRUE	74	a+b	NA
Q96AE4_PF00013_98	Q96AE4	PF00013	98	11	TRUE	72	a+b	NA
Q96CB8_PF00628_155	Q96CB8	PF00628	155	10	TRUE	59	small proteins	zinc finger
Q96DX7_PF00643_174	Q96DX7	PF00643	174	9	FALSE	45	small proteins	zinc finger
Q96FX2_PF05207_6	Q96FX2	PF05207	6	8	FALSE	55	small proteins	zinc finger
Q96GE6_PF13499_123	Q96GE6	PF13499	123	12	TRUE	69	all alpha	NA
Q96GE6_PF13499_48	Q96GE6	PF13499	48	12	TRUE	76	all alpha	NA
Q96GM8_PF00642_298	Q96GM8	PF00642	298	6	FALSE	23	small proteins	zinc finger
Q96I24_PF00013_75	Q96I24	PF00013	75	12	TRUE	76	a+b	NA
Q96J02_PF00397_428	Q96J02	PF00397	428	11	TRUE	50	all beta	NA
Q96J02_PF00397_474	Q96J02	PF00397	474	11	TRUE	54	all beta	NA
Q96JN0_PF05225_353	Q96JN0	PF05225	353	11	TRUE	42	all alpha	NA
Q96JY0_PF09011_3	Q96JY0	PF09011	3	11	TRUE	69	all alpha	NA
Q96JY6_PF00412_284	Q96JY6	PF00412	284	7	FALSE	56	small proteins	zinc finger
Q96K80_PF00642_138	Q96K80	PF00642	138	10	TRUE	22	small proteins	zinc finger
Q96KC8_PF00249_494	Q96KC8	PF00249	494	11	TRUE	51	all alpha	NA
Q96L93_PF00787_1213	Q96L93	PF00787	1213	6	FALSE	61	a+b	NA
Q96PU5_PF00397_184	Q96PU5	PF00397	184	9	FALSE	49	all beta	NA
Q96PU5_PF00397_381	Q96PU5	PF00397	381	11	TRUE	44	all beta	NA
Q96PU5_PF00397_539	Q96PU5	PF00397	539	12	TRUE	51	all beta	NA
Q96QS3_PF00046_330	Q96QS3	PF00046	330	11	TRUE	56	all alpha	NA
Q96QZ7_PF00397_294	Q96QZ7	PF00397	294	11	TRUE	46	all beta	NA
Q96QZ7_PF00397_352	Q96QZ7	PF00397	352	9	FALSE	50	all beta	NA
Q96RT1_PF00595_1321	Q96RT1	PF00595	1321	12	TRUE	90	all beta	NA
Q96T51_PF01363_639	Q96T51	PF01363	639	10	TRUE	60	small proteins	zinc finger
Q99501_PF02187_209	Q99501	PF02187	209	12	TRUE	68	a+b	NA
Q99543_PF00249_451	Q99543	PF00249	451	11	TRUE	53	all alpha	NA
Q99615_PF00226_382	Q99615	PF00226	382	11	TRUE	67	all alpha	NA
Q99684_PF00096_256	Q99684	PF00096	256	6	FALSE	23	small proteins	zinc finger
Q99684_PF00096_313	Q99684	PF00096	313	4	FALSE	22	small proteins	zinc finger
Q9BRP0_PF00096_215	Q9BRP0	PF00096	215	11	TRUE	23	small proteins	zinc finger
Q9BTC0_PF00628_263	Q9BTC0	PF00628	263	10	TRUE	59	small proteins	zinc finger
Q9BTC8_PF00249_265	Q9BTC8	PF00249	265	9	FALSE	53	all alpha	NA
Q9BUJ2_PF02037_1	Q9BUJ2	PF02037	1	10	TRUE	42	all alpha	NA
Q9BV68_PF14369_11	Q9BV68	PF14369	11	5	FALSE	30	small proteins	zinc finger
Q9BY11_PF14604_387	Q9BY11	PF14604	387	10	TRUE	58	all beta	NA
Q9BYM8_PF01485_369	Q9BYM8	PF01485	369	10	TRUE	43	small proteins	zinc finger
Q9BYW2_PF00397_2382	Q9BYW2	PF00397	2382	9	FALSE	49	all beta	NA
Q9BZM3_PF00046_204	Q9BZM3	PF00046	204	11	TRUE	56	all alpha	NA
Q9C030_PF00643_93	Q9C030	PF00643	93	9	FALSE	42	small proteins	zinc finger
Q9C0A1_PF00046_1859	Q9C0A1	PF00046	1859	11	TRUE	56	all alpha	NA
Q9GZV5_PF00397_116	Q9GZV5	PF00397	116	12	TRUE	47	all beta	NA
Q9H000_PF00642_37	Q9H000	PF00642	37	5	FALSE	19	small proteins	zinc finger
Q9H0A6_PF00612_189	Q9H0A6	PF00612	189	10	TRUE	19	small proteins	NA
Q9H0M0_PF00397_343	Q9H0M0	PF00397	343	11	TRUE	48	all beta	NA
Q9H161_PF00046_216	Q9H161	PF00046	216	11	TRUE	56	all alpha	NA
Q9H2P0_PF00046_770	Q9H2P0	PF00046	770	12	TRUE	41	all alpha	NA
Q9H347_PF00627_613	Q9H347	PF00627	613	11	TRUE	43	all alpha	NA
Q9H3D4_PF07647_545	Q9H3D4	PF07647	545	12	TRUE	66	all alpha	NA
Q9H3Z4_PF00226_16	Q9H3Z4	PF00226	16	11	TRUE	62	all alpha	NA
Q9H4A3_PF12202_481	Q9H4A3	PF12202	481	11	TRUE	88	a+b	NA
Q9H6I2_PF00505_69	Q9H6I2	PF00505	69	11	TRUE	68	all alpha	NA
Q9H7E2_PF00567_554	Q9H7E2	PF00567	554	12	TRUE	58	all beta	NA
Q9H9D4_PF00096_383	Q9H9D4	PF00096	383	7	FALSE	21	small proteins	zinc finger
Q9H9L4_PF13891_28	Q9H9L4	PF13891	28	10	TRUE	64	small proteins	zinc finger
Q9HA38_PF12171_246	Q9HA38	PF12171	246	7	FALSE	26	small proteins	zinc finger
Q9HAU4_PF00397_150	Q9HAU4	PF00397	150	9	FALSE	49	all beta	NA
Q9HAZ2_PF00096_282	Q9HAZ2	PF00096	282	5	FALSE	22	small proteins	zinc finger
Q9HC78_PF00096_635	Q9HC78	PF00096	635	6	FALSE	22	small proteins	zinc finger
Q9HC78_PF00096_663	Q9HC78	PF00096	663	4	FALSE	22	small proteins	zinc finger
Q9HC78_PF00096_716	Q9HC78	PF00096	716	9	FALSE	22	small proteins	zinc finger
Q9NP66_PF00505_104	Q9NP66	PF00505	104	11	TRUE	67	all alpha	NA
Q9NPB3_PF13499_155	Q9NPB3	PF13499	155	11	TRUE	65	all alpha	NA
Q9NPC8_PF00046_131	Q9NPC8	PF00046	131	11	TRUE	50	all alpha	NA
Q9NQ86_PF00643_208	Q9NQ86	PF00643	208	7	FALSE	45	small proteins	zinc finger
Q9NQV8_PF00096_668	Q9NQV8	PF00096	668	6	FALSE	21	small proteins	zinc finger
Q9NQX1_PF00096_433	Q9NQX1	PF00096	433	6	FALSE	23	small proteins	zinc finger
Q9NSC2_PF00096_1030	Q9NSC2	PF00096	1030	6	FALSE	22	small proteins	zinc finger
Q9NU63_PF00096_176	Q9NU63	PF00096	176	5	FALSE	22	small proteins	zinc finger
Q9NUP7_PF11722_18	Q9NUP7	PF11722	18	10	TRUE	28	small proteins	zinc finger
Q9NW38_PF11793_305	Q9NW38	PF11793	305	10	TRUE	67	a+b	NA
Q9NWH9_PF02037_19	Q9NWH9	PF02037	19	11	TRUE	50	all alpha	NA
Q9NYL2_PF00536_330	Q9NYL2	PF00536	330	11	TRUE	84	all alpha	NA
Q9NYS7_PF07525_369	Q9NYS7	PF07525	369	5	FALSE	33	small proteins	NA
Q9NZM3_PF14604_1129	Q9NZM3	PF14604	1129	12	TRUE	55	all beta	NA
Q9P0J7_PF05605_76	Q9P0J7	PF05605	76	10	TRUE	62	small proteins	zinc finger
Q9P2D1_PF07533_2564	Q9P2D1	PF07533	2564	12	TRUE	42	a+b	NA
Q9P2F5_PF10264_64	Q9P2F5	PF10264	64	12	TRUE	78	all alpha	NA
Q9P2K3_PF00249_87	Q9P2K3	PF00249	87	10	TRUE	48	all alpha	NA
Q9P2P5_PF00397_800	Q9P2P5	PF00397	800	11	TRUE	45	all beta	NA
Q9P2R6_PF00320_502	Q9P2R6	PF00320	502	11	TRUE	42	small proteins	zinc finger
Q9UBF6_PF12678_48	Q9UBF6	PF12678	48	10	TRUE	56	small proteins	zinc finger
Q9UBS4_PF00226_25	Q9UBS4	PF00226	25	11	TRUE	63	all alpha	NA
Q9UBW7_PF06467_463	Q9UBW7	PF06467	463	4	FALSE	44	small proteins	zinc finger
Q9UBX0_PF00046_110	Q9UBX0	PF00046	110	11	TRUE	56	all alpha	NA
Q9UDY2_PF00595_26	Q9UDY2	PF00595	26	11	TRUE	96	all beta	NA
Q9UDY2_PF00595_509	Q9UDY2	PF00595	509	11	TRUE	95	all beta	NA
Q9UHA3_PF01246_2	Q9UHA3	PF01246	2	9	FALSE	64	a+b	NA
Q9UHC7_PF00642_89	Q9UHC7	PF00642	89	4	FALSE	22	small proteins	zinc finger
Q9UHD4_PF02017_36	Q9UHD4	PF02017	36	12	TRUE	74	a+b	NA
Q9UIF8_PF00628_1927	Q9UIF8	PF00628	1927	7	FALSE	56	small proteins	zinc finger
Q9UJ78_PF06467_334	Q9UJ78	PF06467	334	11	TRUE	40	small proteins	zinc finger
Q9UJQ4_PF00096_383	Q9UJQ4	PF00096	383	7	FALSE	22	small proteins	zinc finger
Q9UJQ4_PF00096_627	Q9UJQ4	PF00096	627	4	FALSE	22	small proteins	zinc finger
Q9UJQ4_PF00096_899	Q9UJQ4	PF00096	899	4	FALSE	22	small proteins	zinc finger
Q9UJV3_PF00643_191	Q9UJV3	PF00643	191	10	TRUE	45	small proteins	zinc finger
Q9UKI9_PF00157_186	Q9UKI9	PF00157	186	11	TRUE	75	all alpha	NA
Q9UKL0_PF00249_383	Q9UKL0	PF00249	383	11	TRUE	64	all alpha	NA
Q9UKS6_PF14604_365	Q9UKS6	PF14604	365	11	TRUE	59	all beta	NA
Q9UKW6_PF02198_47	Q9UKW6	PF02198	47	11	TRUE	83	all alpha	NA
Q9UKY1_PF18387_100	Q9UKY1	PF18387	100	10	TRUE	50	small proteins	zinc finger
Q9UL15_PF02179_280	Q9UL15	PF02179	280	11	TRUE	69	all alpha	NA
Q9ULJ8_PF07647_987	Q9ULJ8	PF07647	987	11	TRUE	63	all alpha	NA
Q9ULL8_PF00595_7	Q9ULL8	PF00595	7	12	TRUE	86	all beta	NA
Q9ULT8_PF18410_1892	Q9ULT8	PF18410	1892	11	TRUE	68	all alpha	NA
Q9ULZ3_PF00619_114	Q9ULZ3	PF00619	114	12	TRUE	81	all alpha	NA
Q9UNF0_PF00018_428	Q9UNF0	PF00018	428	9	FALSE	59	all beta	NA
Q9UPQ7_PF00595_244	Q9UPQ7	PF00595	244	11	TRUE	95	all beta	NA
Q9UPQ7_PF00595_414	Q9UPQ7	PF00595	414	12	TRUE	90	all beta	NA
Q9UPW6_PF02376_358	Q9UPW6	PF02376	358	11	TRUE	77	all alpha	NA
Q9UPW6_PF02376_482	Q9UPW6	PF02376	482	9	FALSE	75	all alpha	NA
Q9UQR1_PF00096_172	Q9UQR1	PF00096	172	5	FALSE	22	small proteins	zinc finger
Q9Y222_PF00249_226	Q9Y222	PF00249	226	11	TRUE	40	all alpha	NA
Q9Y2G7_PF00096_411	Q9Y2G7	PF00096	411	7	FALSE	22	small proteins	zinc finger
Q9Y2T7_PF00313_86	Q9Y2T7	PF00313	86	11	TRUE	92	all beta	NA
Q9Y3R0_PF00595_666	Q9Y3R0	PF00595	666	11	TRUE	91	all beta	NA
Q9Y462_PF00096_506	Q9Y462	PF00096	506	4	FALSE	22	small proteins	zinc finger
Q9Y4I5_PF03638_368	Q9Y4I5	PF03638	368	8	FALSE	36	small proteins	zinc finger
Q9Y4J8_PF00569_235	Q9Y4J8	PF00569	235	10	TRUE	60	small proteins	zinc finger
Q9Y5K6_PF00018_271	Q9Y5K6	PF00018	271	10	TRUE	61	all beta	NA
Q9Y5K6_PF14604_1	Q9Y5K6	PF14604	1	11	TRUE	59	all beta	NA
Q9Y5K6_PF14604_109	Q9Y5K6	PF14604	109	11	TRUE	61	all beta	NA
Q9Y618_PF00249_613	Q9Y618	PF00249	613	11	TRUE	58	all alpha	NA
Q9Y6N9_PF00595_207	Q9Y6N9	PF00595	207	11	TRUE	89	all beta	NA
Q9Y6V0_PF05715_1058	Q9Y6V0	PF05715	1058	6	FALSE	57	small proteins	zinc finger
